<tryton>
    <data>

        <record model='ir.message' id='msg_debit_none'>
            <field name='text'>Employee "%(name)s" don't have a debit account! 
                Error: Empty value. 
                Ref: 'Companies/Employees/%(name)s/Debit account'</field>
        </record>

        <record model='ir.message' id='msg_credit_none'>
            <field name='text'>Employee "%(name)s" don't have a credit account!</field>
        </record>

        <record model='ir.message' id='msg_no_price_per_km'>
            <field name='text'>Employee "%(name)s" don't have price_per_km defined! Error: Empty value.</field>
        </record>
        
    </data>
</tryton>